physical_activity_level,creativity_level,complexity_level,entry_start_level,age_range,time_commitment,number_of_people,remote_on_site,competitiveness,budget,seasonality,risk_of_injury,acceptable_disability_level,popularity,phobias,relaxation_level,stress_level,skill_development,regularity,flexibility,earning_potential,emotional_engagement,mental_health_impact,Remote/On-Site.1,name
4,0,3,2,0,2,2,0,2,4,2,4,0,2,0,4,4,2,2,0,4,0.0,2.0,0,Air sports
0,4,2,0,0,2,0,4,0,2,0,0,2,0,4,0,2,2,4,2,0,4.0,2.0,4,Airbrushing
0,0,4,4,0,4,0,0,4,4,0,4,0,2,0,0,4,4,2,0,4,2.0,,0,Aircraft
0,0,2,0,0,2,2,0,0,2,0,0,0,0,0,0,2,2,0,2,0,2.0,,0,Aircraft spotting
2,0,2,0,0,2,2,0,2,2,0,0,0,2,2,2,2,2,0,0,2,,,0,Airsoft
2,4,3,2,0,2,2,0,2,2,0,0,1,2,0,2,2,4,2,2,2,4.0,2.0,0,Acting
0,2,1,0,0,2,0,4,0,2,0,0,0,1,0,2,0,1,2,2,0,0.0,2.0,4,Action Figures
3,0,2,2,0,2,2,0,0,2,2,2,1,2,2,2,2,0,1,0,0,2.0,2.0,0,Adventure park
4,0,2,0,0,2,0,0,0,0,0,2,1,2,0,2,2,1,2,2,0,2.0,2.0,0,Aerobics
2,0,2,0,0,2,2,0,2,2,0,0,0,2,0,2,0,2,2,2,0,2.0,2.0,0,Air hockey
4,0,2,2,0,2,2,0,4,4,2,2,0,0,0,4,2,2,2,0,2,2.0,2.0,0,All-Terrain vehicles
0,4,2,0,0,2,0,4,2,0,0,0,2,0,4,2,0,2,0,0,2,0.0,0.0,4,Alternate reality games
0,0,0,0,0,2,0,4,0,0,0,0,0,0,2,0,0,0,0,0,0,0.0,0.0,4,Alternative
0,0,2,2,0,2,0,4,0,2,0,0,2,0,0,2,0,2,0,0,0,2.0,2.0,4,Amateur astronomy
0,0,2,2,0,2,0,4,0,2,0,0,2,0,0,2,0,2,0,0,0,2.0,2.0,4,Amateur geology
0,0,2,2,0,2,0,4,0,2,0,0,2,0,0,2,0,2,0,0,0,2.0,2.0,4,Amateur meteorology
0,0,2,2,0,2,0,4,0,2,0,0,2,0,0,2,0,2,0,0,0,2.0,2.0,4,Amateur radio
4,0,2,2,0,4,2,0,4,4,0,4,0,2,0,4,4,4,4,0,2,0.0,2.0,0,American football
2,0,2,2,0,2,2,0,0,2,2,0,0,2,0,2,0,2,2,0,2,0.0,2.0,0,Amusement park
2,0,0,0,0,2,0,4,0,2,0,0,0,2,0,2,0,2,0,2,0,2.0,0.0,4,Animal
0,0,2,0,0,2,0,4,0,0,0,0,2,0,4,2,2,2,2,0,2,0.0,2.0,4,Animal care
0,0,4,2,0,2,0,4,0,2,0,0,0,0,0,0,2,0,2,0,2,0.0,0.0,4,Antiques
0,0,2,2,0,2,0,4,0,2,0,0,0,0,0,0,2,0,2,0,2,0.0,0.0,4,Antiquing
0,0,4,2,0,2,0,4,0,4,0,0,0,0,0,0,2,0,4,0,2,0.0,0.0,4,Antiquities
2,0,2,0,0,2,0,4,0,2,2,0,0,2,0,2,0,2,0,0,0,0.0,2.0,4,Aquariums
2,0,0,0,0,2,0,4,0,0,0,0,0,0,0,2,0,2,0,0,0,0.0,0.0,4,Arcade Games
0,0,2,0,0,2,0,4,0,2,0,0,0,0,0,2,0,2,0,0,0,2.0,2.0,4,Archaeology
4,0,2,0,0,2,0,0,4,2,0,4,0,0,0,4,2,2,2,0,2,2.0,2.0,0,Archery
4,0,2,0,0,2,0,0,4,2,0,4,0,0,0,4,2,2,2,0,2,2.0,2.0,0,Archery/Crossbow
0,2,2,0,0,2,0,4,0,4,0,0,0,2,0,0,2,2,4,2,2,0.0,2.0,4,Architecture
0,2,0,0,0,2,0,4,0,2,0,0,0,2,0,4,0,2,0,0,0,2.0,0.0,4,Aromatherapy
2,4,2,0,0,2,0,4,0,2,0,0,0,0,4,0,2,2,4,2,0,2.0,,4,Art Activities
0,0,2,2,0,2,0,4,0,2,0,0,0,0,0,2,0,0,0,0,0,2.0,0.0,4,Collectibles
2,4,2,0,0,2,2,4,0,2,2,0,0,2,0,4,2,2,4,2,0,2.0,,4,Art and Crafts
0,0,2,2,0,2,0,4,0,2,0,0,0,0,0,2,0,2,0,0,0,2.0,0.0,4,Art/antique collecting
2,4,2,0,0,2,2,4,0,2,2,0,0,2,0,4,2,2,4,2,0,2.0,,4,Arts and Crafts
2,0,2,0,0,2,0,4,0,2,0,0,0,2,0,4,2,2,4,0,2,0.0,0.0,4,Arts/cultural
0,4,4,2,0,2,0,4,0,4,0,0,0,2,0,4,2,2,4,2,2,0.0,4.0,4,Artwork
4,0,2,2,0,4,2,0,4,4,0,4,0,2,0,4,4,4,4,0,2,0.0,2.0,0,Association football
0,4,0,0,0,0,0,4,0,0,0,0,0,0,2,0,0,0,0,0,0,0.0,0.0,4,Astrology
0,0,2,2,0,2,0,4,0,2,0,0,0,2,0,2,0,2,0,0,0,2.0,2.0,4,Astronomy
0,0,0,0,0,2,0,4,0,2,0,0,0,0,0,2,0,2,0,0,0,2.0,0.0,4,Audiophilia
4,0,2,2,0,4,2,0,4,4,0,4,0,2,0,4,4,4,4,0,2,0.0,2.0,0,Australian Football League
0,0,0,0,0,2,0,4,0,2,0,0,0,0,0,2,0,2,0,0,0,2.0,0.0,4,Auto audiophilia
4,0,4,2,0,4,0,0,4,4,0,4,0,4,0,4,4,4,4,0,2,4.0,2.0,0,Auto racing
0,0,2,2,0,2,0,4,0,2,0,0,0,0,0,2,0,0,0,0,2,0.0,0.0,4,Autographs
0,0,2,2,0,4,0,4,0,4,0,2,0,0,0,2,0,2,0,0,2,0.0,2.0,4,Automotive work/repair
4,0,2,2,0,4,2,0,4,4,0,4,0,4,0,4,4,2,2,0,2,4.0,4.0,0,BMX tricks
2,0,0,0,0,2,0,4,0,0,2,0,0,0,0,2,0,2,0,0,0,0.0,0.0,4,Back packing
0,0,2,0,0,2,0,4,0,2,0,0,0,0,0,0,0,2,0,0,2,0.0,0.0,4,Backgamon
2,0,0,0,0,2,0,4,0,0,2,0,0,0,0,2,0,2,0,0,0,0.0,0.0,4,Backpacking
0,0,2,2,0,2,0,4,0,2,0,0,0,0,0,0,2,0,2,0,2,0.0,0.0,4,Badge Collecting
4,0,2,0,0,2,0,0,4,2,0,2,0,2,0,4,2,2,4,0,2,0.0,2.0,0,Badminton
0,4,2,0,0,2,0,4,0,2,0,0,0,2,2,0,2,2,2,0,2,0.0,0.0,4,Baking
4,4,2,0,0,2,2,0,4,2,0,2,0,2,0,4,2,4,2,0,4,2.0,2.0,0,Ballet
4,4,2,0,0,2,2,0,4,2,0,2,0,2,0,4,2,4,2,0,4,2.0,2.0,0,Ballet Dancing
2,0,4,4,0,4,0,0,4,4,0,4,0,0,0,4,2,4,4,2,4,2.0,2.0,0,Ballooning
4,0,4,2,0,4,0,0,4,2,0,4,0,4,0,4,2,2,4,0,2,0.0,2.0,0,Scuba diving
4,0,2,2,0,4,0,0,2,2,2,4,0,0,0,2,2,4,4,0,2,0.0,2.0,0,Sculling or Rowing
0,4,2,0,0,2,0,4,0,2,0,0,0,2,0,4,2,2,4,0,2,0.0,0.0,4,Sculpting
0,4,2,0,0,2,0,4,0,2,0,0,0,2,0,4,2,2,4,0,2,0.0,0.0,4,Sculpture
0,0,0,0,0,2,0,4,0,0,0,0,0,0,2,0,0,0,0,0,0,0.0,0.0,4,Seaglass collecting
0,0,0,0,0,2,0,4,0,0,0,0,0,0,2,0,0,0,0,0,0,0.0,0.0,4,Seashell collecting
0,0,2,0,0,4,0,4,0,2,0,0,0,4,0,4,0,2,0,2,0,2.0,2.0,4,Self-Improvement
0,0,2,0,0,4,0,4,0,2,0,0,0,4,0,4,0,2,0,2,0,2.0,2.0,4,Self-Improvement Courses
0,0,0,0,0,2,0,4,0,0,0,0,0,0,2,0,0,0,0,0,0,0.0,0.0,4,Service
0,4,2,0,0,2,0,4,0,2,0,0,0,2,0,4,2,2,4,0,2,0.0,0.0,4,Sewing
0,0,0,0,0,0,0,4,0,2,0,0,0,0,0,0,0,0,0,0,0,0.0,0.0,4,Shoes
4,0,4,4,0,4,0,0,4,4,2,4,0,2,0,4,4,4,4,0,4,0.0,2.0,0,Shooting guns
4,0,2,2,0,4,0,0,4,4,0,4,0,2,0,4,2,2,4,0,2,0.0,2.0,0,Shooting sport
0,0,0,0,0,2,0,4,0,2,0,0,0,2,0,2,0,0,0,0,0,0.0,0.0,4,Shopping
0,0,0,0,0,2,0,4,0,2,0,0,0,2,0,2,0,0,0,0,0,0.0,0.0,4,Shopping for latest trends
0,0,0,0,0,2,0,4,0,0,0,0,0,0,0,0,0,2,0,0,0,0.0,0.0,4,Shortwave listening
2,4,2,0,0,2,0,0,2,2,0,0,0,2,0,4,2,2,4,0,2,2.0,2.0,0,Show Choir
0,0,0,0,0,0,0,4,0,0,0,0,0,0,2,0,0,0,0,0,0,0.0,0.0,4,Sightseeing
0,4,2,0,0,2,0,4,0,2,0,0,0,2,0,4,2,2,4,2,2,0.0,2.0,4,Composing music
4,0,2,2,0,2,0,0,4,2,0,2,0,2,0,4,2,2,4,0,2,0.0,2.0,0,Skate Boarding
4,0,2,2,0,2,0,0,4,2,0,2,0,2,0,4,2,2,4,0,2,0.0,2.0,0,Skateboarding
4,0,2,2,0,2,0,0,4,2,0,2,0,2,0,4,2,2,4,0,2,0.0,2.0,0,Skating
4,0,2,2,0,4,2,0,4,4,0,4,0,4,0,4,2,4,2,0,2,2.0,4.0,0,Skiing
0,4,2,0,0,2,0,4,0,2,0,0,0,2,0,4,2,2,4,0,2,0.0,2.0,4,Skill games
4,0,2,2,0,4,2,0,4,2,0,4,0,2,0,4,2,2,4,0,2,0.0,2.0,0,Playing soccer
4,0,4,2,0,4,0,0,4,2,0,4,0,4,0,4,2,2,4,0,2,0.0,2.0,0,Free diving
4,0,4,2,0,4,0,0,4,2,0,4,0,4,0,4,2,2,4,0,2,0.0,2.0,0,Diving
0,0,0,0,0,2,0,4,0,0,0,0,0,0,4,0,0,0,0,0,0,0.0,0.0,4,Skincare Regime
4,0,4,4,0,4,0,0,4,4,0,4,0,4,0,4,4,4,4,0,4,4.0,2.0,0,Skydiving
0,0,0,0,0,0,0,4,0,0,0,0,0,0,0,0,0,0,0,0,0,0.0,0.0,4,Skype
4,0,2,2,0,2,2,0,2,4,0,2,0,2,0,4,2,2,2,0,2,0.0,2.0,0,Sky running
2,0,0,0,0,2,0,0,0,2,0,0,0,2,0,4,0,2,0,0,0,0.0,0.0,0,Sledding
0,0,2,0,0,2,0,4,0,2,0,0,0,0,0,2,0,2,2,0,0,0.0,0.0,4,Slot car racing
0,0,0,0,0,2,0,4,0,0,0,0,0,0,0,0,0,0,0,0,0,0.0,0.0,4,Snake
0,0,2,0,0,2,0,4,0,2,0,0,0,0,0,2,0,2,2,0,0,0.0,2.0,4,Snooker
2,0,2,0,0,2,0,0,0,2,0,2,0,0,0,4,0,2,2,0,0,0.0,2.0,0,Snorkeling
4,0,2,2,0,2,0,0,2,2,0,2,0,2,0,4,2,2,4,0,2,2.0,2.0,0,Snow Biking
4,0,2,2,0,4,2,0,4,4,0,4,0,4,0,4,4,4,2,0,2,2.0,4.0,0,Snow skiing
4,0,2,2,0,4,2,0,4,4,0,4,0,4,0,4,4,4,2,0,2,2.0,4.0,0,Snowboarding
4,0,2,2,0,4,0,0,4,4,0,4,0,4,0,4,4,4,4,2,2,0.0,4.0,0,Snowmobile Riding
4,0,2,2,0,4,0,0,4,4,0,4,0,4,0,4,4,4,4,2,2,0.0,4.0,0,Snowmobiles
4,0,2,2,0,4,0,0,4,4,0,4,0,4,0,4,4,4,4,2,2,0.0,4.0,0,Snowmobiling
2,0,2,0,0,2,0,0,0,2,2,0,0,0,0,2,0,0,2,0,2,0.0,2.0,0,Snowshoeing
0,4,2,0,0,2,0,4,0,2,0,0,0,0,4,0,2,2,0,2,0,2.0,,4,Soap making
4,0,2,2,0,4,2,0,4,2,0,4,0,4,0,4,2,4,4,2,2,0.0,2.0,0,Soccer
0,0,0,0,0,0,0,4,0,0,0,0,0,0,0,0,0,0,0,0,0,0.0,0.0,4,Social
0,0,0,0,0,0,0,4,0,2,0,0,0,0,0,0,0,0,0,0,0,0.0,0.0,4,Social Networking
0,0,0,0,0,2,0,4,0,0,0,0,0,0,0,2,0,0,0,0,0,0.0,0.0,4,Soft Rock
4,0,2,2,0,4,2,0,4,2,0,4,0,2,0,4,4,2,2,0,2,2.0,2.0,0,Softball
0,0,4,0,0,2,0,4,0,4,0,0,0,2,0,2,0,2,4,0,2,0.0,2.0,4,Space Exploration
4,0,2,2,0,2,0,0,4,2,0,2,0,2,0,4,4,2,4,0,2,0.0,2.0,0,Speed Skating
0,0,0,0,0,0,0,4,0,0,0,0,0,0,0,0,0,0,0,0,0,0.0,0.0,4,Spider
0,0,0,0,0,2,0,4,0,0,0,0,0,0,0,4,0,0,0,0,0,0.0,0.0,4,Spinning
2,0,2,0,0,2,0,4,0,2,0,0,0,2,0,4,2,2,4,0,2,0.0,2.0,4,Sport fishing
2,0,2,0,0,2,0,4,2,2,0,0,0,0,0,2,2,2,4,0,2,0.0,2.0,4,Sporting dog field trials
0,0,0,0,0,0,0,4,0,0,0,0,0,0,0,0,0,0,0,0,0,0.0,0.0,4,Sporting interests
4,0,2,2,0,4,2,0,4,4,0,4,0,4,0,4,2,4,4,0,2,0.0,2.0,0,Sports
0,0,2,0,0,2,0,4,0,2,0,0,0,0,0,2,0,2,2,0,0,0.0,0.0,4,Sports Cards
0,0,2,0,0,2,0,4,0,2,0,0,0,0,0,2,0,2,2,0,0,0.0,0.0,4,Sports memorabilia
0,0,0,0,0,0,0,4,0,0,0,0,0,0,0,0,0,0,0,0,0,0.0,0.0,4,Sports on TV
4,0,2,2,0,4,2,0,4,2,0,4,0,4,0,4,2,2,4,0,2,0.0,2.0,0,Squash
0,4,2,0,0,2,0,4,0,2,0,0,0,2,0,4,2,2,4,0,2,0.0,0.0,4,Stained Glass
0,0,2,0,0,2,0,4,0,0,0,0,0,0,0,0,0,2,0,0,0,0.0,0.0,4,Stamp Collecting
0,0,0,0,0,2,0,4,0,0,0,0,0,0,0,0,0,2,0,0,0,0.0,0.0,4,Stamps
0,0,0,0,0,2,0,4,0,0,0,0,0,0,0,0,0,0,0,0,0,2.0,0.0,4,Stargazing
0,0,0,0,0,2,0,4,0,2,0,0,0,0,0,0,0,0,0,0,0,0.0,0.0,4,Stereo
0,0,4,2,0,4,2,4,4,4,0,2,0,4,0,4,4,4,2,2,4,0.0,2.0,4,Stocks
0,0,0,0,0,2,0,4,0,0,0,0,0,0,0,0,0,0,0,0,0,0.0,0.0,4,Stone collecting
4,0,4,2,0,4,2,0,4,4,2,4,0,4,0,4,4,4,4,2,2,4.0,4.0,0,Street Racing
0,0,0,0,0,0,0,4,0,0,0,0,0,0,0,0,0,0,0,0,0,0.0,0.0,4,Street games
0,0,0,0,0,0,0,4,0,0,0,0,0,0,0,0,0,0,0,0,0,0.0,0.0,4,Sudoku Puzzles
0,0,0,0,0,0,0,0,0,0,0,0,0,0,0,0,0,0,0,0,0,0.0,0.0,0,Sunbathing
4,0,2,2,0,4,2,0,4,2,0,2,0,2,0,4,2,2,4,2,2,4.0,4.0,0,Surfing
0,0,0,0,0,0,0,4,0,0,0,0,0,0,0,0,0,0,0,0,0,0.0,0.0,4,Survey date
0,0,0,0,0,0,0,4,0,0,0,0,0,0,0,0,0,0,0,0,0,0.0,0.0,4,Sweepstakes
0,0,0,0,0,0,0,4,0,0,0,0,0,0,0,0,0,0,0,0,0,0.0,0.0,4,Sweepstake
4,0,2,2,0,4,2,0,4,2,0,2,0,4,0,4,2,4,4,2,2,0.0,2.0,0,Swimming
2,0,0,0,0,2,0,0,0,2,0,0,0,2,0,2,0,2,0,2,0,2.0,0.0,0,Swimming pool
2,0,2,0,0,2,0,0,2,2,0,0,0,2,0,2,2,2,4,0,2,0.0,2.0,0,Table Tennis
2,0,2,0,0,2,0,0,2,2,0,0,0,2,0,2,2,2,4,0,2,0.0,2.0,0,Table football
2,0,2,0,0,2,0,0,2,2,0,0,0,2,0,2,2,2,4,0,2,0.0,2.0,0,Table tennis
0,2,2,0,0,2,0,4,0,2,0,0,0,0,0,2,0,0,2,0,0,0.0,2.0,4,Tabletop games
0,2,0,0,0,2,0,0,0,0,0,0,0,0,4,0,0,0,2,0,0,0.0,0.0,0,Tai Chi
4,4,2,0,0,2,2,0,4,2,0,2,0,2,0,4,2,4,2,0,2,4.0,2.0,0,Tango Dance
4,0,4,2,0,4,0,0,4,2,0,4,0,4,0,4,4,4,2,0,4,0.0,2.0,0,Target shooting
4,0,4,2,0,4,0,0,4,2,0,4,0,4,0,4,4,4,2,0,4,0.0,2.0,0,Target shooting
0,4,0,0,0,0,0,4,0,0,0,0,0,0,2,0,0,0,0,0,0,0.0,0.0,4,Tarot
0,4,0,0,0,0,0,4,0,0,0,0,0,0,2,0,0,0,0,0,0,0.0,0.0,4,Tarot card reading
0,0,2,2,0,2,0,4,0,2,0,0,0,0,0,4,2,2,2,0,2,0.0,0.0,4,Taxidermy
4,0,2,2,0,4,2,0,4,2,0,4,0,4,0,4,2,2,4,0,4,2.0,2.0,0,Team Games
0,0,2,0,0,2,0,4,0,0,0,0,0,2,0,2,0,0,0,0,0,2.0,0.0,4,Telescopes
2,0,2,0,0,2,0,0,2,2,0,2,0,2,0,2,2,2,2,0,2,0.0,2.0,0,Ten Pin Bowling
4,0,2,2,0,4,2,0,4,4,0,2,0,4,0,4,2,2,4,0,2,0.0,2.0,0,Tennis
0,0,0,0,0,0,0,4,0,0,0,0,0,0,0,0,0,0,0,0,0,0.0,0.0,4,Texting
2,4,2,0,0,2,0,0,4,2,0,0,0,2,0,4,2,2,4,0,2,0.0,2.0,0,Theater Sports
2,4,2,0,0,2,0,0,4,2,0,0,0,2,0,4,2,2,4,0,2,0.0,2.0,0,Theater/Performing Arts
2,4,2,0,0,2,0,0,4,2,0,0,0,2,0,4,2,2,4,0,2,0.0,2.0,0,Theatre
0,0,4,0,0,2,0,4,4,2,0,2,0,2,0,4,2,4,4,0,2,0.0,2.0,4,Third person shooter games
0,0,2,0,0,0,0,4,0,0,0,0,0,0,0,0,0,0,0,0,0,0.0,0.0,4,Thriller
0,4,2,0,0,2,0,4,0,2,0,0,0,2,0,4,2,2,4,0,2,0.0,0.0,4,Tie dying
0,0,2,0,0,0,0,4,0,0,0,0,0,0,0,0,0,0,0,0,0,0.0,0.0,4,Tile-based games
0,0,0,0,0,0,0,4,0,0,0,0,0,0,0,0,0,0,0,0,0,0.0,0.0,4,Timeshare
4,0,2,2,0,4,2,0,4,2,0,4,0,2,0,4,2,2,4,0,2,0.0,2.0,0,Touch football
2,0,2,2,0,2,0,0,2,2,0,2,0,2,0,4,2,2,4,0,2,0.0,2.0,0,Tour skating
0,0,0,0,0,0,0,4,0,2,0,0,0,0,0,0,0,0,0,0,0,0.0,0.0,4,Toys
4,0,2,2,0,4,2,0,4,2,0,4,0,2,0,4,2,2,4,0,2,0.0,2.0,0,Track & Field
0,0,0,0,0,2,0,4,0,0,0,0,0,0,0,0,0,0,0,0,0,0.0,0.0,4,Train Spotting
0,0,0,0,0,2,0,4,0,0,0,0,0,0,0,0,0,0,0,0,0,0.0,0.0,4,Trainspotting
2,0,2,0,0,2,0,4,0,2,0,2,0,0,0,4,2,2,2,0,2,0.0,0.0,4,Trap
0,0,0,0,0,4,0,4,0,2,0,0,0,2,0,4,0,2,0,2,0,2.0,0.0,4,Travel
0,0,0,0,0,2,0,4,0,0,0,0,0,0,0,2,0,0,0,0,0,0.0,0.0,4,Travel games
0,0,0,0,0,4,0,4,0,2,0,0,0,2,0,4,0,2,0,2,0,2.0,0.0,4,Traveling
0,0,2,0,0,4,0,4,0,4,0,0,0,2,0,4,0,4,0,4,0,2.0,2.0,4,Traveling and exploration
2,0,2,2,0,2,0,4,2,2,0,2,0,2,0,4,2,2,4,0,2,2.0,2.0,4,Treasure Hunting
2,0,2,2,0,2,0,4,2,2,0,2,0,2,0,4,2,2,4,0,2,2.0,2.0,4,Treasure hunting
4,0,2,2,0,2,0,0,2,2,0,2,0,4,0,4,2,2,4,0,2,2.0,2.0,0,Tree climbing
0,0,0,0,0,0,0,4,0,0,0,0,0,0,0,0,0,0,0,0,0,0.0,0.0,4,Trekkie
4,0,2,2,0,4,2,0,4,2,0,2,0,2,0,4,4,2,4,2,4,0.0,2.0,0,Trekking
0,0,0,0,0,0,0,4,0,0,0,0,0,0,0,0,0,0,0,0,0,0.0,0.0,4,Turtle
0,0,2,0,0,2,0,4,0,2,0,0,0,2,0,2,0,2,0,2,0,2.0,2.0,4,Tutoring
0,0,0,0,0,0,0,4,0,0,0,0,0,0,0,0,0,0,0,0,0,0.0,0.0,4,Types of Recreation
0,0,0,0,0,4,0,4,0,0,0,0,0,2,0,4,0,2,0,2,0,2.0,0.0,4,US Travel
2,0,2,2,0,4,0,4,2,2,0,2,0,4,0,4,2,2,2,0,4,0.0,2.0,4,Urban exploration
0,0,0,0,0,2,0,4,0,0,0,0,0,0,0,2,0,0,0,0,0,0.0,0.0,4,Vacation cruises
0,0,0,0,0,4,0,4,0,2,0,0,0,2,0,4,0,2,0,2,0,2.0,0.0,4,Traveling
0,0,0,0,0,4,0,4,0,2,0,0,0,2,0,4,0,2,0,2,0,2.0,0.0,4,Vacations
0,0,4,2,0,4,0,4,0,4,0,2,0,4,0,4,4,2,4,2,2,4.0,4.0,4,Vehicle restoration
0,0,0,0,0,0,0,4,0,0,0,0,0,0,0,0,0,0,0,0,0,0.0,0.0,4,Veterans
0,0,2,0,0,2,0,4,4,0,0,0,0,2,0,0,0,2,4,0,2,0.0,0.0,4,Video gaming
0,0,0,0,0,0,0,4,0,0,0,0,0,0,0,0,0,0,0,0,0,0.0,0.0,4,DVD
0,0,0,0,0,0,0,4,0,0,0,0,0,0,0,0,0,0,0,0,0,0.0,0.0,4,Video
0,0,0,0,0,0,0,4,0,0,0,0,0,0,0,0,0,0,0,0,0,0.0,0.0,4,Videophilia
0,0,2,0,0,2,0,4,0,0,0,0,0,2,0,0,0,2,2,0,2,0.0,2.0,4,Vintage Books
0,0,4,2,0,4,0,4,0,4,0,4,0,4,0,4,4,4,4,0,4,2.0,4.0,4,Vintage car
0,0,2,0,0,2,0,4,0,2,0,0,0,2,0,0,0,2,2,0,2,0.0,2.0,4,Vintage clothing
0,0,0,0,0,0,0,4,0,0,0,0,0,0,0,0,0,0,0,0,0,0.0,0.0,4,Vitamin supplements
4,0,2,2,0,4,2,0,4,2,0,4,0,4,0,4,4,4,4,0,2,0.0,2.0,0,Volleyball
0,0,0,0,0,0,0,4,0,0,0,0,0,0,0,0,0,0,0,0,0,0.0,0.0,4,Volunteering
2,0,2,2,0,2,0,4,0,0,2,0,0,2,0,4,2,2,4,0,2,0.0,2.0,4,Hiking
0,4,2,0,0,2,0,4,0,2,0,0,0,2,0,4,2,2,4,0,2,0.0,0.0,4,Wall Art
0,0,0,0,0,0,0,4,0,0,0,0,0,0,0,0,0,0,0,0,0,0.0,0.0,4,Want further mailings
2,0,2,0,0,2,0,4,0,2,0,0,0,2,0,2,2,2,4,0,2,0.0,2.0,4,Wargames
2,0,2,0,0,2,0,4,0,2,0,0,0,2,0,2,2,2,4,0,2,0.0,2.0,4,Warships
0,0,0,0,0,0,0,4,0,0,0,0,0,0,0,0,0,0,0,0,0,0.0,0.0,4,Watching Movies
0,0,0,0,0,0,0,4,0,0,0,0,0,0,0,0,0,0,0,0,0,0.0,0.0,4,Watching Sports
0,0,0,0,0,0,0,4,0,0,0,0,0,0,0,0,0,0,0,0,0,0.0,0.0,4,Watching TV
0,0,0,0,0,0,0,4,0,0,0,0,0,0,0,0,0,0,0,0,0,0.0,0.0,4,Watching movies
4,0,2,2,0,4,2,0,4,2,0,4,0,4,0,4,2,2,4,0,4,2.0,2.0,0,Water Polo
4,0,2,2,0,4,2,0,4,4,0,4,0,4,0,4,4,2,4,0,2,0.0,2.0,0,Water Skiing
2,0,2,2,0,2,0,0,2,2,0,2,0,4,0,4,2,2,2,0,2,0.0,2.0,0,Water sports
0,4,2,0,0,2,0,4,0,2,0,0,0,2,0,4,2,2,4,0,2,0.0,0.0,4,Watercolor Paintings
0,0,2,0,0,2,0,4,0,2,0,0,0,2,0,2,0,2,2,0,2,0.0,2.0,4,Weather Forecasting
0,4,2,0,0,2,0,4,0,2,0,0,0,2,0,4,2,2,4,0,2,0.0,0.0,4,Weaving
0,0,2,0,0,2,0,4,0,2,0,0,0,2,0,2,2,2,4,0,2,0.0,2.0,4,Websites
4,0,2,2,0,4,2,0,4,2,0,2,0,4,0,4,4,2,4,0,2,0.0,2.0,0,Weight training
4,0,4,2,0,4,2,0,4,2,0,4,0,4,0,4,4,4,4,0,2,0.0,2.0,0,Weightlifting
4,0,4,4,0,4,0,0,4,4,0,4,0,4,0,4,4,4,4,2,2,4.0,4.0,0,White Water Rafting
4,0,4,4,0,4,0,0,4,4,0,4,0,4,0,4,4,4,4,2,2,4.0,4.0,0,Whitewater rafting
0,0,0,0,0,2,0,4,0,0,0,0,0,4,0,2,0,0,0,0,0,2.0,0.0,4,Wildlife safari
2,0,2,0,0,2,0,0,0,2,0,2,0,0,0,4,0,2,2,0,0,0.0,2.0,0,Snorkeling
0,0,0,0,0,2,0,4,0,0,0,0,0,2,0,2,0,0,0,0,0,2.0,0.0,4,Wildlife
4,0,2,2,0,4,0,0,4,2,0,4,0,4,0,4,4,2,4,0,2,0.0,2.0,0,Wind Surfing
4,0,2,2,0,4,0,0,4,2,0,4,0,4,0,4,4,2,4,0,2,0.0,2.0,0,Kayaking
0,0,0,0,0,2,0,4,0,2,0,0,0,2,0,2,0,0,0,0,2,0.0,0.0,4,Wine Appreciation
0,4,2,0,0,2,0,4,0,2,0,0,0,2,0,4,2,2,4,0,2,0.0,2.0,4,Wine Making
0,0,0,0,0,2,0,4,0,2,0,0,0,2,0,2,0,0,0,0,2,0.0,0.0,4,Wine tasting
0,0,0,0,0,2,0,4,0,2,0,0,0,2,0,2,0,0,0,0,2,0.0,0.0,4,Wines
4,0,4,4,0,4,0,0,4,4,0,4,0,4,0,4,4,4,4,0,4,2.0,4.0,0,Wingsuit flying
0,4,2,0,0,2,0,4,0,2,0,0,0,2,0,4,2,2,4,0,2,0.0,0.0,4,Wood Carving
0,0,2,2,0,2,0,4,0,2,0,0,0,2,0,4,2,2,2,0,2,0.0,0.0,4,Wood Working
0,0,2,2,0,2,0,4,0,2,0,0,0,2,0,4,2,2,2,0,2,0.0,0.0,4,Woodworking
0,0,2,0,0,0,0,4,0,0,0,0,0,0,0,0,0,0,0,0,0,0.0,0.0,4,Word games
0,0,0,0,0,0,0,4,0,0,0,0,0,0,0,0,0,0,0,0,0,0.0,0.0,4,World news or politics
0,4,2,0,0,2,0,4,0,4,0,0,0,2,0,4,2,2,4,0,2,0.0,0.0,4,Worldbuilding
0,4,2,0,0,2,0,4,0,2,0,0,0,4,0,4,2,4,2,0,2,0.0,2.0,4,Worship Team
4,0,4,2,0,4,0,0,4,4,0,4,0,4,0,4,4,4,4,0,2,0.0,4.0,0,Wrestling
0,4,2,0,0,2,0,4,0,2,0,0,0,2,0,4,2,2,4,0,2,0.0,2.0,4,Writing
4,0,2,2,0,4,0,0,4,2,0,2,0,4,0,4,4,2,4,0,2,2.0,4.0,0,Yachting
2,4,2,0,0,2,0,4,0,2,0,0,0,2,0,4,2,4,2,0,2,0.0,0.0,4,Yo-yoing
2,4,2,0,0,2,0,4,0,2,0,0,0,2,0,4,2,4,2,0,2,0.0,0.0,4,YoYo
2,4,2,0,0,2,0,0,2,2,0,0,0,2,0,4,2,2,4,2,4,0.0,2.0,0,Yoga
0,4,2,0,0,2,0,4,0,2,0,0,0,4,0,4,2,4,2,0,2,0.0,0.0,4,Youth Band
0,0,2,0,0,2,0,4,0,0,0,0,0,2,0,4,0,0,0,0,0,0.0,0.0,4,Youth Group
2,4,2,0,0,2,0,4,0,2,0,0,0,2,0,4,2,4,2,0,2,0.0,0.0,4,Yoyo
4,0,2,2,0,4,2,0,4,2,0,4,0,2,0,4,2,2,4,0,2,0.0,2.0,0,Zumba
0,4,2,0,0,2,0,4,0,2,0,0,0,4,0,4,2,2,2,0,2,0.0,2.0,4,cooperative games
0,0,2,0,0,2,0,4,0,2,0,0,0,0,2,0,2,0,0,0,0,2.0,,4,courses
0,2,2,0,0,2,0,4,0,2,0,0,0,0,4,0,2,2,0,2,0,2.0,,4,deck building games
0,0,0,0,0,0,0,4,0,0,0,0,0,0,0,0,0,0,0,0,0,0.0,0.0,4,insects
0,4,2,0,0,2,0,4,0,2,0,0,0,0,4,2,2,4,0,2,0,0.0,,4,knotting
0,0,0,0,0,0,0,4,0,0,0,0,0,0,0,0,0,0,0,0,0,0.0,0.0,4,leaves
0,4,4,2,0,2,0,4,0,4,0,2,0,2,0,4,4,4,2,0,2,4.0,4.0,4,magician
2,0,2,2,0,2,0,0,2,2,0,0,0,2,2,4,2,2,2,0,2,0.0,2.0,0,angling/Fly fishing
0,0,2,0,0,2,0,4,0,2,0,0,0,0,4,0,2,2,0,2,0,2.0,,4,real time games
0,0,0,0,0,2,0,4,0,0,0,0,0,0,2,0,0,0,0,0,0,0.0,0.0,4,rocks
0,0,2,0,0,2,0,4,0,2,0,0,0,0,4,0,2,2,0,2,0,2.0,,4,strategy games
0,0,2,0,0,2,0,4,0,2,0,0,0,0,4,0,2,2,0,2,0,2.0,,4,thematic games
2,4,3,2,0,2,2,0,2,2,0,0,1,2,0,2,2,4,2,2,2,4.0,2.0,0,Acting
2,0,4,2,0,4,0,0,2,4,0,2,0,4,0,2,2,4,4,0,2,0.0,2.0,0,Aeromodeling
4,0,3,2,0,4,0,0,4,4,0,4,0,4,0,4,4,2,4,0,4,0.0,2.0,0,Air sports
0,4,2,0,0,2,0,4,0,2,0,0,0,2,0,4,2,2,4,0,2,0.0,0.0,4,Airbrushing
0,0,2,0,0,2,0,4,0,2,0,0,0,0,0,2,0,2,0,0,0,2.0,0.0,4,Aircraft Spotting
4,0,2,2,0,4,0,0,4,4,0,2,0,2,0,4,4,2,4,2,2,0.0,4.0,0,Airsoft
4,0,2,2,0,4,0,0,4,4,0,2,0,2,0,4,4,2,4,2,2,0.0,4.0,0,Airsofting
0,0,2,2,0,2,0,4,0,2,0,0,0,2,0,2,0,2,0,0,0,2.0,2.0,4,Amateur astronomy
0,0,2,2,0,2,0,4,0,2,0,0,0,2,0,2,0,2,0,0,0,2.0,2.0,4,Amateur geology
0,0,2,2,0,2,0,4,0,2,0,0,0,2,0,2,0,2,0,0,0,2.0,2.0,4,Amateur Radio
4,0,2,2,0,4,2,0,4,4,0,4,0,4,0,4,4,4,4,0,2,0.0,2.0,0,American football
0,0,0,0,0,0,0,4,0,0,0,0,0,0,0,0,0,0,0,0,0,0.0,0.0,4,Animal fancy
0,0,2,0,0,2,0,4,0,0,0,0,0,0,0,2,0,0,0,0,0,2.0,0.0,4,dogs
0,0,0,0,0,2,0,4,0,0,0,0,0,0,0,0,0,0,0,0,0,0.0,0.0,4,pets
0,0,0,0,0,2,0,4,0,0,0,0,0,0,0,0,0,0,0,0,0,0.0,0.0,4,Animals
0,0,2,2,0,2,0,4,0,2,0,0,0,0,0,0,2,0,2,0,2,0.0,0.0,4,Antiquing
0,0,4,2,0,2,0,4,0,4,0,0,0,0,0,0,2,0,4,0,2,0.0,0.0,4,Antiquities
4,0,2,4,0,4,0,0,2,4,0,4,0,4,0,4,4,4,2,4,2,0.0,4.0,0,Aqua-lung
0,0,2,0,0,2,0,4,0,2,0,0,0,2,0,2,0,2,0,0,0,0.0,2.0,4,Aquarium
4,0,2,0,0,2,0,0,4,2,0,4,0,2,0,4,2,2,2,0,2,2.0,2.0,0,Archery
0,0,2,2,0,2,0,4,0,2,0,0,0,0,0,2,0,2,0,0,0,2.0,0.0,4,Art collecting
2,0,2,0,0,2,0,4,0,2,0,0,0,2,0,2,0,2,4,0,2,0.0,0.0,4,Arts
4,0,2,2,0,4,2,0,4,4,0,4,0,4,0,4,4,4,4,0,2,0.0,2.0,0,Association football
0,4,0,0,0,0,0,4,0,0,0,0,0,0,2,0,0,0,0,0,0,0.0,0.0,4,Astrology
0,0,2,2,0,2,0,4,0,2,0,0,0,2,0,2,0,2,0,0,0,2.0,2.0,4,Astronomy
0,0,0,0,0,2,0,4,0,2,0,0,0,0,0,2,0,2,0,0,0,2.0,0.0,4,Audiophilia
0,0,0,0,0,2,0,4,0,2,0,0,0,0,0,2,0,2,0,0,0,2.0,0.0,4,Auto audiophilia
4,0,4,2,0,4,0,0,4,4,0,4,0,4,0,4,4,4,4,0,4,0.0,4.0,0,Auto racing
0,0,2,0,0,2,0,4,0,2,0,0,0,0,0,0,0,0,2,0,0,0.0,0.0,4,Backgammon
2,0,2,2,0,4,2,0,4,2,0,2,0,4,0,2,2,2,2,0,4,0.0,2.0,0,Backpacking
4,0,2,0,0,2,0,0,4,2,0,2,0,2,0,4,2,2,4,0,2,0.0,2.0,0,Badminton
4,0,4,4,0,4,0,0,4,4,0,4,0,4,0,4,4,4,4,0,4,4.0,,0,Base Jumping
4,0,2,2,0,4,2,0,4,4,0,2,0,4,0,4,4,4,4,0,2,0.0,2.0,0,Baseball
4,0,2,2,0,4,2,0,4,4,0,4,0,4,0,4,4,4,4,0,2,0.0,2.0,0,Basketball
4,4,2,0,0,2,0,0,4,2,0,4,0,4,0,4,4,4,4,0,2,0.0,2.0,0,Baton Twirling
4,0,2,2,0,4,2,0,4,2,0,4,0,4,0,4,2,2,4,0,4,2.0,2.0,0,Beach Volleyball
0,0,0,0,0,0,0,0,0,0,0,0,0,0,0,0,0,0,0,0,0,0.0,0.0,0,Sun tanning
2,0,0,0,0,2,0,0,0,2,0,0,0,0,0,2,0,0,0,0,2,0.0,2.0,0,Beach
0,0,0,0,0,2,0,4,0,0,0,0,0,0,0,0,0,0,0,0,0,0.0,0.0,4,Beachcombing
0,4,2,0,0,2,0,4,0,2,0,0,0,2,0,4,2,2,4,0,2,0.0,0.0,4,Beadwork
2,4,2,0,0,2,0,4,0,2,0,0,0,4,0,4,2,4,2,2,2,0.0,4.0,4,Beatboxing
2,0,2,2,0,4,0,0,0,2,2,4,0,4,0,4,4,2,2,0,2,0.0,2.0,0,Beekeeping
0,0,2,0,0,2,0,0,0,2,0,0,0,0,0,2,0,2,0,0,0,0.0,2.0,0,Bell Ringing
4,4,2,0,0,2,2,0,4,2,0,2,0,4,0,4,4,4,2,0,4,2.0,2.0,0,Belly Dancing
4,0,4,2,0,4,0,0,4,2,0,4,0,2,0,4,4,4,4,0,4,0.0,4.0,0,Bicycle Polo
2,0,0,0,0,2,0,0,0,2,0,2,0,4,0,2,2,2,4,0,2,0.0,2.0,0,Bicycling
0,0,2,0,0,2,0,4,0,2,0,0,0,0,0,2,0,2,0,0,2,0.0,2.0,4,Billiards
0,0,0,0,0,2,0,4,0,0,0,0,0,0,0,0,0,0,0,0,0,0.0,0.0,4,Bird watching
0,0,0,0,0,2,0,4,0,0,0,0,0,0,0,0,0,0,0,0,0,0.0,0.0,4,Birding
0,0,0,0,0,2,0,4,0,0,0,0,0,0,0,0,0,0,0,0,0,0.0,0.0,4,Birdwatching
2,4,4,2,0,4,0,4,2,4,0,4,0,4,0,4,4,4,4,2,2,4.0,,4,Blacksmithing
0,0,0,0,0,0,0,4,0,0,0,0,0,0,0,0,0,0,0,0,0,0.0,0.0,4,Blogging
4,0,4,2,0,4,0,0,4,2,0,4,0,4,0,4,4,4,4,2,4,0.0,4.0,0,BMX
0,2,2,0,0,2,0,4,0,2,0,0,0,0,0,4,0,2,2,0,0,0.0,2.0,4,Board games
4,0,2,2,0,4,2,0,4,2,2,4,0,4,0,4,2,2,4,0,2,0.0,4.0,0,Board sports
0,2,2,0,0,2,0,4,0,2,0,0,0,0,0,2,0,2,2,0,0,0.0,0.0,4,BoardGames
2,0,2,2,0,4,0,0,2,2,0,4,0,2,0,4,2,2,2,0,2,0.0,2.0,0,Boating
4,0,4,4,0,4,0,0,4,2,0,4,0,2,0,4,4,4,4,0,2,0.0,4.0,0,Body Building
4,0,4,4,0,4,0,0,4,2,0,4,0,2,0,4,4,4,4,0,2,0.0,4.0,0,Bodybuilding
0,4,2,0,0,2,0,4,0,2,0,0,0,2,0,4,2,2,4,0,2,0.0,0.0,4,Bonsai Tree
0,0,2,2,0,2,0,4,0,2,0,0,0,0,0,2,0,2,0,0,0,2.0,0.0,4,Book collecting
0,4,2,0,0,2,0,4,0,2,0,0,0,2,0,4,2,2,4,0,2,0.0,0.0,4,Bookbinding
2,0,2,2,0,2,0,0,4,2,0,4,0,2,0,4,2,2,4,0,2,0.0,4.0,0,Boomerangs
2,0,2,0,0,2,0,0,2,2,0,0,0,2,0,2,0,2,0,0,0,2.0,2.0,0,Bowling
4,0,4,4,0,4,0,0,4,2,0,4,0,4,0,4,4,4,4,0,2,0.0,4.0,0,Boxing
4,0,4,2,0,4,0,0,4,4,0,4,0,4,0,4,4,4,4,0,2,2.0,4.0,0,Brazilian jiu-jitsu
4,4,2,0,0,2,0,0,4,2,0,2,0,2,0,4,4,4,2,2,2,2.0,4.0,0,Breakdancing
0,4,2,0,0,2,0,4,0,2,0,0,0,2,0,4,2,2,4,0,2,0.0,0.0,4,Brewing Beer
0,0,2,0,0,2,0,4,0,2,0,0,0,0,0,2,0,0,0,0,0,0.0,0.0,4,Bridge
2,0,4,2,0,2,0,4,2,4,0,2,0,4,0,2,4,2,4,0,2,0.0,2.0,4,Bridge Building
0,0,0,0,0,2,0,4,0,0,0,0,0,0,0,0,0,0,0,0,0,0.0,0.0,4,Bringing Food To The Disabled
0,4,2,0,0,2,0,4,0,2,0,0,0,2,0,4,2,2,4,0,2,0.0,0.0,4,Building Dollhouses
0,0,0,0,0,2,0,4,0,0,0,0,0,0,0,0,0,0,0,0,0,0.0,0.0,4,Bus spotting
0,0,0,0,0,2,0,4,0,0,0,0,0,0,0,0,0,0,0,0,0,0.0,0.0,4,Butterfly Watching
0,0,0,0,0,2,0,4,0,0,0,0,0,0,0,0,0,0,0,0,0,0.0,0.0,4,Button Collecting
0,4,2,0,0,2,0,4,0,2,0,0,0,2,0,4,2,2,4,0,2,0.0,0.0,4,Cake Decorating
0,4,2,0,0,2,0,4,0,2,0,0,0,2,0,4,2,2,4,0,2,0.0,0.0,4,Calligraphy
2,0,2,2,0,4,2,0,0,2,0,0,0,2,0,4,2,2,2,0,2,0.0,2.0,0,Camping
0,4,2,0,0,2,0,4,0,2,0,0,0,2,0,4,2,2,4,0,2,0.0,0.0,4,Candle making
2,0,2,2,0,2,0,0,2,2,0,2,0,2,0,4,2,2,2,0,2,0.0,2.0,0,Canoeing
4,0,4,2,0,4,0,0,4,4,0,4,0,4,0,4,4,4,4,0,2,0.0,4.0,0,Car Racing
0,0,2,0,0,2,0,4,0,2,0,0,0,0,0,0,0,2,0,0,0,0.0,0.0,4,Card collecting
0,4,2,0,0,2,0,4,0,2,0,0,0,2,0,4,2,2,4,0,2,0.0,2.0,4,Cartooning
0,0,2,0,0,2,0,4,0,2,0,0,0,0,0,2,0,2,0,0,0,0.0,0.0,4,Casino Gambling
4,0,4,4,0,4,0,0,4,4,0,4,0,4,0,4,4,4,4,0,4,2.0,,0,Cave Diving
0,4,2,0,0,2,0,4,0,2,0,0,0,2,0,4,2,2,4,0,2,0.0,0.0,4,Ceramics
4,0,2,0,0,4,2,0,4,2,0,4,0,4,0,4,2,4,4,0,2,0.0,4.0,0,Cheerleading
0,0,4,0,0,2,0,4,0,4,0,0,0,2,0,2,0,4,4,0,2,0.0,2.0,4,Chess
0,0,0,0,0,0,0,4,0,0,0,0,0,0,0,0,0,0,0,0,0,0.0,0.0,4,Church/church activities
0,0,0,0,0,0,0,4,0,0,0,0,0,0,0,0,0,0,0,0,0,0.0,0.0,4,Cigar Smoking
4,0,2,2,0,4,2,0,4,2,0,4,0,4,0,4,2,2,4,0,2,2.0,4.0,0,Climbing
0,0,0,0,0,0,0,4,0,0,0,0,0,0,0,0,0,0,0,0,0,0.0,0.0,4,Cloud Watching
0,0,2,0,0,2,0,4,0,2,0,0,0,0,0,2,0,0,0,0,0,0.0,0.0,4,Coin Collecting
0,0,2,0,0,2,0,4,0,2,0,0,0,0,0,2,0,0,0,0,0,0.0,0.0,4,Collecting
0,0,4,2,0,2,0,4,0,4,0,0,0,0,0,0,2,0,4,0,2,0.0,2.0,4,Collecting Antiques
0,0,2,2,0,2,0,4,0,2,0,0,0,0,0,2,0,0,0,0,0,2.0,0.0,4,Collecting Artwork
0,0,0,0,0,0,0,4,0,0,0,0,0,0,0,0,0,0,0,0,0,0.0,0.0,4,Collecting Hats
0,0,2,0,0,2,0,4,0,2,0,0,0,0,0,2,0,2,0,0,0,0.0,0.0,4,Collecting Music Albums
0,0,2,0,0,2,0,4,0,2,0,0,0,0,0,2,0,2,0,0,0,0.0,0.0,4,Collecting RPM Records
0,0,2,0,0,2,0,4,0,2,0,0,0,0,0,2,0,2,0,0,0,0.0,0.0,4,Collecting Sports Cards
0,0,4,2,0,2,0,4,0,4,0,0,0,0,0,0,2,0,4,0,2,0.0,2.0,4,Collecting Swords
2,0,2,0,0,2,0,0,4,2,0,4,0,4,0,4,2,2,4,0,2,0.0,2.0,0,Color guard
0,4,0,0,0,2,0,4,0,2,0,0,0,2,0,4,2,2,4,0,2,0.0,0.0,4,Coloring
0,0,2,0,0,2,0,4,0,2,0,0,0,0,0,2,0,0,0,0,0,0.0,0.0,4,Comic book collecting
0,4,4,2,0,2,0,4,0,4,0,0,0,2,0,4,2,4,4,0,2,0.0,4.0,4,Compose Music
0,0,2,0,0,2,0,4,0,2,0,0,0,0,0,2,0,2,0,0,0,0.0,0.0,4,Computer activities
0,4,4,2,0,4,0,4,0,4,0,0,0,2,0,4,2,4,4,0,2,0.0,4.0,4,Computer programming
0,4,2,0,0,2,0,4,0,4,0,0,0,2,0,4,2,2,4,0,2,0.0,2.0,4,Conworlding
0,4,2,0,0,2,0,4,0,2,0,0,0,2,0,4,2,2,4,0,2,0.0,0.0,4,Cooking
2,4,4,0,0,2,0,0,4,2,0,4,0,4,0,4,4,4,2,0,4,2.0,4.0,0,Cosplay
2,4,4,0,0,2,0,0,4,2,0,4,0,4,0,4,4,4,2,0,4,2.0,4.0,0,Cosplaying
0,0,0,0,0,2,0,4,0,0,0,0,0,0,0,2,0,0,0,0,0,0.0,0.0,4,Couponing
2,4,2,0,0,2,0,4,0,2,0,0,0,2,0,4,2,2,4,0,2,0.0,0.0,4,Crafts
0,4,2,0,0,2,0,4,0,4,0,0,0,2,0,4,2,4,4,0,2,0.0,2.0,4,Creative writing
4,0,2,2,0,4,2,0,4,4,0,4,0,4,0,4,4,4,4,0,4,0.0,2.0,0,Cricket
0,4,2,0,0,2,0,4,0,2,0,0,0,2,0,4,2,2,4,0,2,0.0,0.0,4,Crochet
0,4,2,0,0,2,0,4,0,2,0,0,0,2,0,4,2,2,4,0,2,0.0,0.0,4,Crocheting
0,4,2,0,0,2,0,4,0,2,0,0,0,2,0,4,2,2,4,0,2,0.0,0.0,4,Cross-Stitch
0,0,2,0,0,2,0,4,0,2,0,0,0,0,0,0,0,0,0,0,0,0.0,0.0,4,Crossword Puzzles
0,0,4,2,0,4,0,4,0,4,0,2,0,4,0,4,4,4,4,0,2,2.0,4.0,4,Cryptography
2,0,2,2,0,4,0,0,2,2,0,2,0,4,0,4,2,2,4,0,2,0.0,2.0,0,Curling
2,0,0,0,0,2,0,0,0,2,0,2,0,4,0,2,2,2,4,0,2,0.0,2.0,0,Cycling
4,4,2,2,0,2,2,0,4,2,0,4,0,4,0,4,2,4,4,2,2,0.0,4.0,0,Dance
4,4,2,2,0,2,2,0,4,2,0,4,0,4,0,4,2,4,4,2,2,0.0,4.0,0,Dancing
2,0,2,0,0,2,0,0,2,2,0,0,0,2,0,2,0,0,2,0,2,0.0,0.0,0,Darts
0,0,2,2,0,2,0,4,0,2,0,0,0,0,0,4,2,4,2,0,0,0.0,2.0,4,Debate
0,0,0,0,0,2,0,4,0,0,0,0,0,0,0,0,0,0,0,0,0,0.0,0.0,4,Deltiology
0,0,2,0,0,2,0,4,0,2,0,0,0,0,0,0,0,0,0,0,0,0.0,0.0,4,Diecast Collectibles
0,4,2,0,0,2,0,4,0,4,0,0,0,2,0,4,2,4,4,0,2,0.0,2.0,4,Digital arts
0,4,2,0,0,2,0,4,0,2,0,0,0,2,0,4,2,2,4,0,2,0.0,2.0,4,Digital Photography
2,0,2,0,0,2,0,0,0,2,0,0,0,2,0,4,2,2,2,0,2,0.0,2.0,0,Disc golf
0,4,2,0,0,2,0,4,0,2,0,0,0,2,0,4,2,2,4,0,2,0.0,0.0,4,Do it yourself
4,0,2,2,0,4,0,0,4,2,0,2,0,4,0,4,4,4,4,0,2,0.0,2.0,0,Dodgeball
2,0,2,0,0,4,0,0,4,2,0,2,0,4,0,4,2,2,4,0,4,2.0,4.0,0,Dog sport
0,0,2,0,0,2,0,4,0,0,0,0,0,0,0,2,0,0,0,0,0,0.0,0.0,4,Dolls
0,0,0,0,0,2,0,4,0,0,0,0,0,0,0,0,0,0,0,0,0,0.0,0.0,4,Dominoes
0,0,2,0,0,2,0,4,0,0,0,0,0,0,0,2,0,0,0,0,0,0.0,0.0,4,Dowsing
2,4,2,0,0,2,2,0,4,2,0,4,0,4,0,4,2,4,4,2,4,2.0,2.0,0,Drama
0,4,2,0,0,2,0,4,0,2,0,0,0,2,0,4,2,2,4,0,2,0.0,0.0,4,Drawing
0,0,2,0,0,4,0,0,0,2,0,0,0,4,0,2,0,2,0,0,2,0.0,2.0,0,Driving
0,0,2,0,0,0,0,4,0,0,0,0,0,0,0,0,0,0,0,0,0,0.0,0.0,4,Dumpster Diving
0,0,0,0,0,0,0,4,0,0,0,0,0,0,0,0,0,0,0,0,0,0.0,0.0,4,Eating out
0,0,2,0,0,4,0,4,0,2,0,0,0,2,0,4,2,2,4,0,2,0.0,4.0,4,Educational Courses
0,0,4,2,0,2,0,4,0,4,0,2,0,4,0,2,2,4,4,0,2,0.0,4.0,4,Electronics
0,0,0,0,0,2,0,4,0,0,0,0,0,0,0,0,0,0,0,0,0,0.0,0.0,4,Element collecting
0,4,2,0,0,2,0,4,0,2,0,0,0,2,0,4,2,2,4,0,2,0.0,0.0,4,Embroidery
0,0,2,0,0,2,0,4,0,0,0,0,0,2,0,2,0,0,0,0,2,0.0,2.0,4,Entertaining
4,0,4,2,0,4,0,0,4,2,0,4,0,2,0,4,4,4,4,0,4,0.0,4.0,0,Equestrianism
4,0,2,0,0,4,2,0,4,2,0,4,0,2,0,4,4,2,4,0,2,0.0,2.0,0,aerobics
4,0,2,0,0,4,2,0,4,2,0,4,0,2,0,4,4,2,4,0,2,0.0,2.0,0,Exercise
2,0,2,0,0,2,0,0,2,2,0,2,0,4,0,2,4,2,2,0,2,0.0,2.0,0,Exhibition drill
4,0,4,2,0,4,0,0,4,4,0,4,0,4,0,4,4,4,4,0,4,0.0,4.0,0,Falconry
0,0,4,2,0,4,0,4,0,4,0,4,0,4,0,4,4,4,4,2,2,2.0,4.0,4,Fast cars
0,4,2,0,0,2,0,4,0,2,0,0,0,2,0,4,2,2,4,0,2,0.0,0.0,4,Felting
4,0,4,2,0,4,0,0,4,4,0,4,0,4,0,4,4,4,4,0,2,0.0,4.0,0,Fencing
4,0,2,2,0,4,2,0,4,4,0,4,0,4,0,4,4,4,4,0,2,0.0,2.0,0,Field hockey
4,4,2,2,0,4,0,0,4,4,0,4,0,2,0,4,4,4,4,0,4,2.0,4.0,0,Figure skating
4,4,2,0,0,4,0,0,4,2,0,4,0,4,0,4,4,4,2,0,4,0.0,2.0,0,Fire Poi
2,0,2,2,0,2,0,0,0,2,0,0,0,2,0,4,2,2,4,0,2,0.0,2.0,0,Fishing
0,0,2,0,0,2,0,4,0,2,0,0,0,2,0,0,2,0,0,2,0,0.0,,4,Fishkeeping
4,0,2,2,0,4,2,0,4,2,0,2,0,4,0,4,2,2,4,0,2,0.0,4.0,0,Flag Football
4,0,2,2,0,4,2,0,4,2,0,2,0,2,0,4,4,2,4,0,2,0.0,2.0,0,Floorball
0,4,2,0,0,2,0,4,0,2,0,0,0,2,0,4,2,2,4,0,2,0.0,0.0,4,Floral Arrangements
0,4,2,0,0,2,0,4,0,2,0,0,0,2,0,4,2,2,4,0,2,0.0,0.0,4,Flower arranging
0,0,0,0,0,2,0,4,0,0,0,0,0,0,0,0,0,0,0,0,0,0.0,0.0,4,Flower collecting and pressing
0,4,2,0,0,2,0,4,0,2,0,0,0,2,0,4,2,2,4,0,2,0.0,0.0,4,Fly Tying
4,0,4,2,0,4,0,0,4,4,0,4,0,4,0,4,4,4,4,2,4,0.0,4.0,0,Flying
4,0,2,2,0,4,0,0,2,2,0,4,0,4,0,4,4,2,4,0,2,0.0,2.0,0,Footbag
4,0,2,2,0,4,2,0,4,4,0,4,0,4,0,4,4,4,4,0,2,0.0,4.0,0,Football
0,0,2,2,0,2,0,4,0,0,0,0,0,0,0,2,0,0,0,0,0,0.0,2.0,4,Foraging
0,4,4,2,0,4,0,4,0,4,0,0,0,2,0,4,4,2,4,0,2,0.0,4.0,4,Foreign language learning
0,0,2,2,0,2,0,4,0,2,0,0,0,2,0,2,0,4,2,0,2,0.0,2.0,4,Fossil hunting
4,0,4,2,0,4,0,0,4,4,0,4,0,4,0,4,4,4,4,2,4,0.0,4.0,0,Four Wheeling
0,0,2,0,0,2,0,4,0,2,0,0,0,2,0,2,0,2,2,0,2,0.0,0.0,4,Freshwater Aquariums
2,0,2,0,0,2,0,0,0,2,0,2,0,2,0,4,2,2,2,0,2,0.0,2.0,0,Frisbee Golf
0,0,4,2,0,4,0,4,0,4,0,2,0,4,0,2,4,4,4,0,4,2.0,4.0,4,Gambling
0,0,2,0,0,2,0,4,0,2,0,0,0,0,0,2,0,2,0,0,0,0.0,0.0,4,Games
0,0,2,0,0,2,0,4,4,2,0,2,0,4,0,4,2,4,4,0,2,0.0,4.0,4,Gaming
0,0,0,0,0,0,0,4,0,0,0,0,0,0,0,0,0,0,0,0,0,0.0,0.0,4,Garage Saleing
2,0,2,2,0,2,0,4,0,2,0,2,0,4,0,2,2,2,4,0,4,0.0,2.0,4,Gardening
0,0,2,0,0,2,0,4,0,0,0,0,0,2,0,4,0,0,0,0,0,2.0,2.0,4,Genealogy
2,0,2,2,0,2,0,4,2,2,0,2,0,4,0,4,2,2,4,0,2,0.0,2.0,4,Geocaching
0,0,2,0,0,2,0,4,0,0,0,0,0,0,0,0,0,2,0,0,0,0.0,0.0,4,Ghost hunting
0,4,4,2,0,4,0,4,0,4,0,2,0,4,0,4,4,4,4,0,4,0.0,4.0,4,Glassblowing
0,0,0,0,0,2,0,4,0,0,0,0,0,0,0,2,0,0,0,0,0,0.0,0.0,4,Glowsticking
0,0,0,0,0,2,0,4,0,0,0,0,0,0,0,0,0,0,0,0,0,0.0,0.0,4,Gnoming
0,0,0,0,0,0,0,4,0,0,0,0,0,0,0,0,0,0,0,0,0,0.0,0.0,4,Going to movies
2,0,2,2,0,4,2,0,4,2,0,2,0,4,0,4,2,2,4,0,4,0.0,2.0,0,Golf
2,0,2,2,0,4,2,0,4,2,0,2,0,4,0,4,2,2,4,0,4,0.0,2.0,0,Golfing
0,0,0,0,0,0,0,4,0,0,0,0,0,0,0,0,0,0,0,0,0,0.0,0.0,4,Gongoozling
2,4,2,2,0,2,0,4,0,4,0,0,0,2,0,4,4,4,4,0,2,0.0,2.0,4,Graffiti
2,0,2,0,0,2,0,4,0,0,0,2,0,0,0,2,2,2,0,0,0,0.0,,4,Grip Strength
0,4,2,0,0,2,0,4,0,2,0,0,0,2,0,4,2,2,4,0,2,0.0,2.0,4,Guitar
0,0,2,0,0,2,0,4,0,2,0,0,0,0,0,0,0,0,0,0,0,0.0,0.0,4,Gun Collecting
0,0,4,2,0,4,0,4,0,4,0,2,0,4,0,4,4,4,4,2,4,0.0,4.0,4,Gunsmithing
4,0,4,2,0,4,0,0,4,2,0,4,0,4,0,4,4,4,4,0,2,0.0,4.0,0,Gymnastics
0,4,2,0,0,2,0,4,0,2,0,0,0,2,0,4,2,2,4,0,2,0.0,0.0,4,Gyotaku
4,0,2,2,0,4,0,0,4,2,0,2,0,4,0,4,2,2,4,0,2,0.0,4.0,0,Handball
0,0,2,0,0,0,0,4,0,2,0,0,0,0,0,0,0,0,0,0,0,0.0,0.0,4,Handwriting Analysis
4,0,4,2,0,4,0,0,4,4,0,4,0,4,0,4,4,4,4,2,4,0.0,4.0,0,Hang gliding
0,0,2,2,0,2,0,4,0,0,0,0,0,0,0,2,0,0,0,0,0,0.0,0.0,4,Herping
2,0,2,0,0,4,0,0,0,2,0,2,0,4,0,2,2,2,4,0,2,0.0,2.0,0,Hiking
0,4,2,0,0,2,0,4,0,2,0,0,0,2,0,4,2,2,4,0,2,0.0,0.0,4,Home Brewing
0,0,2,0,0,2,0,4,0,2,0,0,0,2,0,2,0,2,2,0,0,0.0,0.0,4,Home Repair
0,0,2,0,0,2,0,4,0,2,0,0,0,2,0,2,0,2,2,0,0,0.0,0.0,4,Home Theater
0,4,2,0,0,2,0,4,0,2,0,0,0,2,0,4,2,2,4,0,2,0.0,0.0,4,Homebrewing
4,0,2,2,0,4,0,0,2,2,0,4,0,4,0,4,4,2,4,0,2,0.0,2.0,0,Hooping
2,0,2,2,0,4,0,0,4,2,0,4,0,2,0,4,4,2,2,0,2,0.0,4.0,0,Horse riding
4,0,4,4,0,4,0,0,4,4,0,4,0,4,0,4,4,4,4,2,4,0.0,4.0,0,Hot air ballooning
4,0,2,2,0,4,0,0,4,2,0,4,0,2,0,4,2,2,2,0,2,0.0,2.0,0,Hula Hooping
4,0,4,2,0,4,0,0,4,4,0,4,0,4,0,4,4,4,4,2,4,0.0,2.0,0,Hunting
4,0,4,2,0,4,0,0,4,4,0,4,0,4,0,4,4,4,4,0,2,0.0,4.0,0,Ice hockey
4,0,2,2,0,4,0,0,2,2,0,4,0,2,0,4,2,2,4,0,2,0.0,2.0,0,Ice skating
4,0,2,2,0,4,0,0,2,2,0,4,0,2,0,4,2,2,4,0,2,0.0,2.0,0,Iceskating
0,4,2,0,0,2,0,4,0,4,0,0,0,4,0,4,2,2,4,0,2,0.0,4.0,4,Illusion
0,4,2,0,0,2,0,4,0,2,0,0,0,2,0,4,2,4,0,0,0,0.0,,4,Impersonations
4,0,2,2,0,4,0,0,4,2,0,4,0,2,0,4,2,2,4,0,2,0.0,2.0,0,Inline skating
0,0,0,0,0,2,0,4,0,0,0,0,0,0,0,0,0,0,0,0,0,0.0,0.0,4,Insect collecting
0,0,0,0,0,0,0,4,0,0,0,0,0,0,0,0,0,0,0,0,0,0.0,0.0,4,Internet
0,4,4,2,0,4,0,4,0,4,0,2,0,4,0,4,4,4,4,2,4,0.0,4.0,4,Inventing
0,0,4,2,0,4,0,4,0,4,0,4,0,4,0,4,4,4,4,2,4,0.0,4.0,4,Jet Engines
0,4,2,0,0,2,0,4,0,2,0,0,0,2,0,4,2,2,4,0,2,0.0,0.0,4,Jewelry Making
0,0,2,0,0,2,0,4,0,0,0,0,0,0,0,0,0,0,0,0,0,0.0,0.0,4,Jigsaw Puzzles
2,0,2,0,0,2,0,0,0,2,0,2,0,2,0,2,2,2,4,0,2,0.0,2.0,0,Jogging
4,0,4,2,0,4,0,0,4,4,0,4,0,4,0,4,4,4,4,0,2,0.0,4.0,0,Judo
0,4,2,0,0,2,0,4,0,2,0,0,0,2,0,4,2,2,4,0,2,0.0,4.0,4,Juggling
2,0,2,0,0,4,0,0,2,2,0,2,0,4,0,4,2,2,4,0,2,0.0,4.0,0,Jukskei
4,0,2,2,0,4,0,0,4,2,0,2,0,4,0,4,2,2,4,0,2,0.0,2.0,0,Jump Roping
4,0,4,2,0,4,0,0,4,4,0,4,0,4,0,4,4,4,4,2,4,0.0,4.0,0,Kabaddi
4,0,4,2,0,4,0,0,4,4,0,4,0,2,0,4,4,4,4,0,4,0.0,4.0,0,Kart racing
2,0,2,2,0,2,0,0,2,2,0,2,0,2,0,4,2,2,2,0,2,0.0,2.0,0,Kayaking
0,0,0,0,0,0,0,4,0,0,0,0,0,0,0,0,0,0,0,0,0,0.0,0.0,4,Keep A Journal
0,4,2,0,0,2,0,4,0,2,0,0,0,2,0,4,2,2,4,0,2,0.0,2.0,4,Kitchen Chemistry
4,0,4,2,0,4,0,0,4,4,0,4,0,4,0,4,4,4,4,0,4,0.0,4.0,0,Kite Boarding
2,0,2,0,0,2,0,0,2,2,0,2,0,4,0,4,2,2,4,0,2,0.0,2.0,0,Kite flying
2,0,2,0,0,2,0,0,2,2,0,2,0,4,0,4,2,2,4,0,2,0.0,2.0,0,Kites
4,0,4,2,0,4,0,0,4,4,0,4,0,4,0,4,4,4,4,0,4,0.0,4.0,0,Kitesurfing
0,4,2,0,0,2,0,4,0,2,0,0,0,2,0,4,2,2,4,0,2,0.0,0.0,4,Knapping
0,4,2,0,0,2,0,4,0,2,0,0,0,2,0,4,2,2,4,0,2,0.0,0.0,4,Knife making
4,0,4,2,0,4,0,0,4,2,0,4,0,4,0,4,4,4,4,0,4,0.0,2.0,0,Knife throwing
0,4,2,0,0,2,0,4,0,2,0,0,0,2,0,4,2,2,4,0,2,0.0,0.0,4,Knitting
0,4,2,0,0,2,0,4,0,2,0,0,0,2,0,4,2,2,4,0,2,0.0,0.0,4,Knotting
0,4,2,0,0,2,0,4,0,2,0,0,0,2,0,4,2,2,4,0,2,0.0,0.0,4,Lacemaking
4,0,2,2,0,4,2,0,4,2,0,2,0,4,0,4,4,2,4,0,2,0.0,2.0,0,Lacrosse
0,0,2,0,0,2,0,4,0,2,0,0,0,2,0,4,2,2,4,0,2,0.0,0.0,4,Lapidary
2,4,4,2,0,2,0,0,4,2,0,4,0,2,0,4,4,4,4,0,4,2.0,4.0,0,LARPing
2,0,2,0,0,4,0,0,4,2,0,4,0,2,0,4,2,2,2,0,4,0.0,2.0,0,Laser tag
0,0,4,2,0,4,0,4,0,4,0,2,0,4,0,4,4,4,4,2,4,0.0,4.0,4,Lasers
2,0,2,0,0,2,0,0,0,2,0,0,0,2,0,4,2,2,2,0,2,0.0,2.0,0,Lawn Darts
0,0,2,0,0,2,0,4,0,2,0,0,0,2,0,4,0,2,2,0,2,0.0,2.0,4,Learn to Play Poker
0,4,4,2,0,4,0,4,0,4,0,0,0,2,0,4,2,4,4,0,2,0.0,4.0,4,Learning A Foreign Language
0,4,4,2,0,2,0,4,0,4,0,0,0,2,0,4,2,4,4,0,2,0.0,4.0,4,Learning An Instrument
4,0,4,4,0,4,0,0,4,4,2,4,0,4,0,4,4,4,4,0,4,0.0,4.0,0,Learning To Pilot A Plane
0,4,2,0,0,2,0,4,0,2,0,0,0,2,0,4,2,2,4,0,2,0.0,0.0,4,Leather crafting
0,4,2,0,0,2,0,4,0,2,0,0,0,2,0,4,2,2,4,0,2,0.0,0.0,4,Leathercrafting
0,4,2,0,0,2,0,4,0,2,0,0,0,2,0,4,2,2,4,0,2,0.0,0.0,4,Lego building
0,4,2,0,0,2,0,4,0,2,0,0,0,2,0,4,2,2,4,0,2,0.0,0.0,4,Legos
0,0,2,0,0,2,0,4,0,0,0,0,0,0,0,0,0,0,0,0,0,0.0,0.0,4,Letterboxing
0,0,0,0,0,0,0,4,0,0,0,0,0,0,0,0,0,0,0,0,0,0.0,0.0,4,Listening to music
0,0,2,0,0,2,0,4,0,2,0,2,0,2,0,4,2,2,4,0,2,0.0,2.0,4,Locksport
0,0,4,2,0,4,0,4,0,4,0,4,0,4,0,4,4,4,4,2,4,0.0,4.0,4,Machining
0,4,2,0,0,2,0,4,0,2,0,0,0,2,0,4,2,2,4,0,2,0.0,0.0,4,Macram√©
0,4,2,0,0,2,0,4,0,2,0,0,0,2,0,4,2,2,4,0,2,0.0,0.0,4,Macrame
0,4,4,2,0,2,0,4,0,4,0,2,0,2,0,4,4,4,4,2,4,0.0,2.0,4,Magic
0,0,2,0,0,2,0,4,0,2,0,0,0,0,0,2,0,2,0,0,2,0.0,0.0,4,Mahjong
0,4,2,0,0,2,0,4,0,2,0,0,0,2,0,4,2,2,4,0,2,0.0,0.0,4,Making Model Cars
0,0,0,0,0,0,0,4,0,0,0,0,0,0,0,0,0,0,0,0,0,0.0,0.0,4,Marbles
4,0,4,2,0,4,0,0,4,2,0,4,0,4,0,4,4,4,4,2,4,0.0,4.0,0,Marksmanship
4,0,4,2,0,4,0,0,4,4,0,4,0,4,0,4,4,4,4,0,4,0.0,2.0,0,Martial arts
0,4,2,0,0,2,0,4,0,2,0,0,0,2,0,4,2,2,4,0,2,0.0,0.0,4,Matchstick Modeling
0,0,0,0,0,0,0,4,0,0,0,0,0,0,0,4,0,0,0,0,0,0.0,0.0,4,Meditation
0,0,2,0,0,2,0,4,0,2,0,0,0,0,0,2,0,2,2,0,2,0.0,2.0,4,Metal detecting
0,0,2,0,0,2,0,4,0,2,0,0,0,2,0,2,0,2,2,0,2,0.0,2.0,4,Meteorology
0,0,4,2,0,4,0,4,0,4,0,4,0,4,0,4,4,4,4,2,4,0.0,4.0,4,Microscopy
0,0,0,0,0,2,0,4,0,0,0,0,0,0,0,0,0,0,0,0,0,0.0,0.0,4,Mineral collecting
4,0,4,2,0,4,0,0,4,4,0,4,0,2,0,4,4,4,4,2,4,0.0,4.0,0,Model aircraft
0,4,2,0,0,2,0,4,0,2,0,0,0,2,0,4,2,2,4,0,2,0.0,0.0,4,Model building
0,0,2,0,0,2,0,4,0,2,0,0,0,2,0,4,2,2,4,0,2,0.0,2.0,4,Model Railroading
4,0,4,2,0,4,0,0,4,4,0,4,0,2,0,4,4,4,4,2,4,0.0,4.0,0,Model Rockets
0,4,4,2,0,2,0,4,0,4,0,4,0,4,0,4,4,4,4,2,4,0.0,4.0,4,Modeling Ships
0,0,2,0,0,2,0,4,0,2,0,0,0,2,0,4,2,2,2,0,2,0.0,0.0,4,Models
4,0,4,4,0,4,0,0,4,4,0,4,0,4,0,4,4,4,4,0,4,0.0,4.0,0,Motor sports
4,0,4,2,0,4,0,0,4,4,0,4,0,4,0,4,4,4,4,0,4,0.0,4.0,0,Motorcycles
4,0,2,2,0,4,0,0,4,2,0,4,0,2,0,4,4,2,4,0,4,0.0,4.0,0,Mountain Biking
4,0,4,2,0,4,0,0,4,4,0,4,0,4,0,4,4,4,4,0,4,0.0,4.0,0,Mountain Climbing
4,0,4,4,0,4,0,0,4,4,0,4,0,4,0,4,4,4,4,0,4,0.0,4.0,0,Mountaineering
0,0,2,0,0,2,0,4,0,2,0,0,0,2,0,0,0,2,0,0,0,0.0,2.0,4,Movie and movie memorabilia collecting
0,0,2,0,0,2,0,4,0,0,0,0,0,2,0,2,0,2,2,0,2,0.0,2.0,4,Mushroom hunting/Mycology
0,4,2,2,0,2,0,4,0,4,0,0,0,2,0,4,2,4,4,0,2,0.0,4.0,4,Musical Instruments
0,4,2,0,0,2,0,4,0,2,0,0,0,2,0,4,2,2,4,0,2,0.0,0.0,4,Nail Art
0,4,2,0,0,2,0,4,0,2,0,0,0,2,0,4,2,2,4,0,2,0.0,0.0,4,Needlepoint
4,0,2,2,0,4,2,0,4,2,0,2,0,4,0,4,4,2,4,0,2,0.0,2.0,0,Netball
4,0,2,2,0,4,0,0,4,2,0,4,0,4,0,4,4,2,4,0,2,0.0,2.0,0,Nordic skating
2,0,2,2,0,4,0,0,4,2,0,2,0,4,0,4,2,2,4,0,2,0.0,4.0,0,Orienteering
0,4,2,0,0,2,0,4,0,2,0,0,0,2,0,4,2,2,4,0,2,0.0,0.0,4,Origami
0,0,4,2,0,4,0,4,0,4,0,4,0,4,0,4,4,4,4,0,4,0.0,2.0,4,Owning An Antique Car
4,0,2,2,0,4,0,0,4,2,0,2,0,4,0,4,4,4,4,0,2,0.0,2.0,0,Paintball
0,4,2,0,0,2,0,4,0,2,0,0,0,2,0,4,2,2,4,0,2,0.0,0.0,4,Painting
0,4,2,0,0,2,0,4,0,2,0,0,0,2,0,4,2,2,4,0,2,0.0,0.0,4,Papermache
0,4,2,0,0,2,0,4,0,2,0,0,0,2,0,4,2,2,4,0,2,0.0,0.0,4,Papermaking
4,0,4,4,0,4,0,0,4,4,0,4,0,4,0,4,4,4,4,0,4,0.0,4.0,0,Parachuting
4,0,4,2,0,4,0,0,4,4,0,4,0,4,0,4,4,4,4,2,4,0.0,4.0,0,Paragliding or Power Paragliding
4,0,4,2,0,4,0,0,4,4,2,4,0,4,0,4,4,4,4,0,2,0.0,4.0,0,Parkour
0,0,0,0,0,0,0,4,0,0,0,0,0,0,0,0,0,0,0,0,0,0.0,0.0,4,People Watching
0,4,2,2,0,2,0,4,0,2,0,0,0,2,0,4,2,2,4,0,2,0.0,4.0,4,Photography
0,4,4,2,0,2,0,4,0,4,0,0,0,2,0,4,2,4,4,0,2,0.0,4.0,4,Piano
4,0,4,4,0,4,0,0,4,4,0,4,0,4,0,4,4,4,4,2,4,0.0,4.0,0,Pigeon racing
0,0,2,0,0,2,0,4,0,2,0,0,0,0,0,0,0,0,0,0,0,0.0,0.0,4,Pinochle
0,0,0,0,0,0,0,4,0,0,0,0,0,0,0,0,0,0,0,0,0,0.0,0.0,4,Pipe Smoking
2,0,2,0,0,4,0,0,0,2,0,4,0,4,0,4,2,2,4,0,2,0.0,2.0,0,Planking
0,4,2,2,0,2,0,4,0,4,0,0,0,2,0,4,2,4,4,0,2,0.0,4.0,4,Playing music
0,4,2,0,0,2,0,4,0,4,0,0,0,2,0,4,2,4,4,0,2,0.0,4.0,4,Playing musical instruments
4,0,2,2,0,4,2,0,4,2,0,4,0,4,0,4,4,2,4,0,4,0.0,4.0,0,Playing team sports
0,0,2,0,0,2,0,4,0,2,0,0,0,2,0,2,2,2,2,0,2,0.0,0.0,4,Poker
4,4,4,2,0,4,0,0,4,2,0,4,0,4,0,4,4,4,4,0,2,2.0,4.0,0,Pole Dancing
4,0,4,2,0,4,0,0,4,4,0,4,0,4,0,4,4,4,4,0,4,0.0,4.0,0,Polo
0,4,2,0,0,2,0,4,0,2,0,0,0,2,0,4,2,2,4,0,2,0.0,0.0,4,Pottery
4,0,2,2,0,4,0,0,2,2,0,4,0,2,0,4,2,2,4,0,4,0.0,4.0,0,Powerboking
0,0,2,0,0,2,0,4,0,0,0,0,0,2,0,2,0,0,2,0,0,0.0,0.0,4,Protesting
0,4,2,0,0,2,0,4,0,2,0,0,0,2,0,4,2,2,4,0,2,0.0,0.0,4,Puppetry
0,0,2,0,0,2,0,4,0,2,0,0,0,0,0,2,0,2,0,0,0,0.0,0.0,4,Puzzles
4,0,4,4,0,4,0,0,4,4,0,4,0,4,0,4,4,4,4,0,4,0.0,4.0,0,Pyrotechnics
0,4,2,0,0,2,0,4,0,2,0,0,0,2,0,4,2,2,4,0,2,0.0,0.0,4,Quilting
2,0,2,0,0,2,0,4,0,2,0,0,0,2,0,4,2,2,2,0,2,0.0,0.0,4,R/C Boats
2,0,2,0,0,2,0,4,0,2,0,0,0,2,0,4,2,2,2,0,2,0.0,0.0,4,R/C Cars
2,0,2,0,0,2,0,4,0,2,0,0,0,2,0,4,2,2,2,0,2,0.0,0.0,4,R/C Helicopters
2,0,2,0,0,2,0,4,0,2,0,0,0,2,0,4,2,2,2,0,2,0.0,0.0,4,R/C Planes
0,0,2,0,0,2,0,4,0,2,0,0,0,0,0,0,0,0,0,0,0,0.0,0.0,4,Racing Pigeons
4,0,2,2,0,4,0,0,4,2,0,2,0,4,0,4,4,2,4,0,4,0.0,2.0,0,Racquetball
2,0,2,0,0,2,0,0,4,2,0,4,0,2,0,4,2,2,4,0,2,0.0,4.0,0,Radio-controlled car racing
4,0,4,2,0,4,0,0,4,4,0,4,0,4,0,4,4,4,4,0,4,0.0,4.0,0,Rafting
0,0,0,0,0,2,0,4,0,0,0,0,0,0,0,0,0,0,0,0,0,0.0,0.0,4,Railfans
4,0,4,2,0,4,0,0,4,4,0,4,0,4,0,4,4,4,4,0,4,0.0,4.0,0,Rappelling
0,4,2,0,0,2,0,4,0,4,0,2,0,2,0,4,4,4,4,0,4,2.0,4.0,4,Rapping
0,0,0,0,0,0,0,4,0,0,0,0,0,0,0,0,0,0,0,0,0,0.0,0.0,4,Reading
0,0,0,0,0,0,0,4,0,0,0,0,0,0,0,2,0,0,0,0,0,0.0,0.0,4,Reading To The Elderly
0,0,2,0,0,2,0,4,0,2,0,0,0,0,0,2,0,0,0,0,0,0.0,0.0,4,Record collecting
0,0,0,0,0,0,0,4,0,0,0,0,0,0,0,4,0,0,0,0,0,0.0,0.0,4,Relaxing
0,0,2,0,0,2,0,0,0,2,0,0,0,2,0,4,2,2,4,0,2,0.0,4.0,0,Renaissance Faire
0,0,0,0,0,0,0,4,0,0,0,0,0,0,0,0,0,0,0,0,0,0.0,0.0,4,Renting movies
0,0,0,0,0,4,0,4,0,2,0,0,0,4,0,4,2,2,4,0,4,2.0,2.0,4,Rescuing Abused/Abandoned Animals
0,4,4,2,0,4,0,4,0,4,0,2,0,4,0,4,4,4,4,2,4,0.0,4.0,4,Robotics
0,0,2,0,0,2,0,4,0,0,0,0,0,2,0,2,0,0,2,0,0,0.0,0.0,4,Rock balancing
4,0,4,2,0,4,0,0,4,4,0,4,0,4,0,4,4,4,4,0,4,0.0,4.0,0,Rock climbing
0,0,0,0,0,2,0,4,0,0,0,0,0,0,0,0,0,0,0,0,0,0.0,0.0,4,Rock Collecting
0,0,4,2,0,2,0,4,0,4,0,2,0,4,0,4,4,4,4,2,4,0.0,4.0,4,Rockets
0,0,0,0,0,0,0,4,0,0,0,0,0,0,0,0,0,0,0,0,0,0.0,0.0,4,Rocking AIDS Babies
0,4,2,0,0,2,0,4,0,2,0,0,0,2,0,4,2,2,4,0,2,0.0,2.0,4,Roleplaying
4,0,2,2,0,4,2,0,4,2,0,2,0,4,0,4,4,4,4,0,2,0.0,2.0,0,Roller derby
2,0,2,0,0,2,0,0,0,2,0,2,0,4,0,2,2,2,2,0,2,0.0,2.0,0,Roller skating
4,0,2,2,0,4,2,0,4,4,0,4,0,4,0,4,4,4,4,0,2,0.0,4.0,0,Rugby
4,0,2,2,0,4,2,0,4,4,0,4,0,4,0,4,4,4,4,0,2,0.0,4.0,0,Rugby league football
2,0,2,0,0,4,0,0,0,2,0,2,0,4,0,2,2,2,4,0,2,0.0,4.0,0,Running
2,0,2,2,0,4,0,0,2,2,0,2,0,2,0,4,2,2,2,0,2,0.0,2.0,0,Sailing
0,0,2,0,0,2,0,4,0,2,0,0,0,2,0,2,0,2,2,0,2,0.0,0.0,4,Saltwater Aquariums
0,4,2,0,0,2,0,4,0,2,0,0,0,2,0,4,2,2,4,0,2,0.0,0.0,4,Sand art
0,0,0,0,0,0,0,0,0,0,0,0,0,0,0,0,0,0,0,0,0,0.0,0.0,0,Sand Castles
0,4,2,0,0,2,0,4,0,2,0,0,0,2,0,4,2,2,4,0,2,0.0,0.0,4,Scrapbooking
4,0,2,2,0,4,0,0,4,2,0,2,0,2,0,4,4,2,2,0,2,0.0,4.0,0,Sculling or Rowing
0,4,2,0,0,2,0,4,0,2,0,0,0,2,0,4,2,2,4,0,2,0.0,0.0,4,Sculpting
0,0,0,0,0,2,0,4,0,0,0,0,0,0,0,0,0,0,0,0,0,0.0,0.0,4,Sea glass collecting
0,0,0,0,0,2,0,4,0,0,0,0,0,0,0,0,0,0,0,0,0,0.0,0.0,4,Seashell collecting
4,0,4,2,0,4,0,0,4,4,0,4,0,4,0,4,4,4,4,0,4,0.0,4.0,0,Self Defense
0,4,2,0,0,2,0,4,0,2,0,0,0,2,0,4,2,2,4,0,2,0.0,0.0,4,Sewing
4,0,4,2,0,4,0,0,4,4,0,4,0,4,0,4,4,4,4,0,4,0.0,4.0,0,Shark Fishing
4,0,4,2,0,4,0,0,4,4,0,4,0,4,0,4,4,4,4,0,4,0.0,4.0,0,Shooting
4,0,2,2,0,4,0,0,4,4,0,4,0,4,0,4,4,4,4,0,2,0.0,2.0,0,Shooting sport
0,0,0,0,0,0,0,4,0,0,0,0,0,0,0,0,0,0,0,0,0,0.0,0.0,4,Shopping
0,0,0,0,0,0,0,4,0,0,0,0,0,0,0,0,0,0,0,0,0,0.0,0.0,4,Shortwave listening
0,4,2,0,0,2,0,4,0,4,0,0,0,2,0,4,2,4,4,0,2,0.0,4.0,4,Singing
0,4,2,0,0,2,0,4,0,4,0,0,0,2,0,4,2,4,4,0,2,0.0,4.0,4,Singing In Choir
4,0,4,2,0,4,0,0,4,4,0,4,0,4,0,4,4,4,4,0,4,0.0,4.0,0,Skeet Shooting
0,4,2,0,0,2,0,4,0,2,0,0,0,2,0,4,2,2,4,0,2,0.0,0.0,4,Sketching
4,0,2,4,0,4,0,0,4,4,0,4,0,4,0,4,4,4,4,0,4,0.0,4.0,0,Skiing
4,0,2,2,0,4,0,0,4,2,0,4,0,4,0,4,4,4,4,0,2,0.0,4.0,0,Skimboarding
4,0,2,2,0,4,0,0,4,2,0,4,0,4,0,4,2,2,4,0,2,0.0,2.0,0,Slack Lining
4,0,2,2,0,4,0,0,4,2,0,4,0,4,0,4,2,2,4,0,2,0.0,2.0,0,Slacklining
0,0,0,0,0,0,0,4,0,0,0,0,0,0,0,0,0,0,0,0,0,0.0,0.0,4,Sleeping
0,0,2,0,0,2,0,4,0,2,0,0,0,0,0,2,0,0,2,0,2,0.0,0.0,4,Slingshots
2,0,2,0,0,2,0,4,2,2,0,0,0,4,0,4,2,2,4,0,2,0.0,2.0,4,Slot car racing
2,0,2,0,0,2,0,0,0,2,0,0,0,4,0,2,2,2,4,0,2,0.0,2.0,0,Snorkeling
4,0,2,4,0,4,0,0,4,4,0,4,0,4,0,4,4,4,4,0,4,0.0,4.0,0,Snowboarding
0,4,2,0,0,2,0,4,0,2,0,0,0,2,0,4,2,2,4,0,2,0.0,0.0,4,Soap Making
0,0,0,0,0,0,0,4,0,0,0,0,0,0,0,0,0,0,0,0,0,0.0,0.0,4,Socializing with friends/neighbors
0,4,2,0,0,2,0,4,0,4,0,2,0,2,0,4,4,4,4,0,2,0.0,4.0,4,Speed Cubing
4,0,2,2,0,4,0,0,4,2,0,4,0,4,0,4,2,4,4,0,2,0.0,4.0,0,Speed skating
4,0,4,2,0,4,0,0,4,4,0,4,0,4,0,4,4,4,4,0,4,0.0,4.0,0,Spelunkering
0,0,0,0,0,0,0,4,0,0,0,0,0,0,0,4,0,0,0,0,0,0.0,0.0,4,Spending time with family/kids
4,0,2,2,0,4,2,0,4,4,0,4,0,4,0,4,4,4,4,0,2,0.0,4.0,0,Sports
4,0,2,2,0,4,2,0,4,4,0,4,0,4,0,4,4,4,4,0,4,0.0,2.0,0,Squash
0,0,2,0,0,2,0,4,0,2,0,0,0,0,0,2,0,0,0,0,0,0.0,0.0,4,Stamp Collecting
0,4,2,0,0,2,0,4,0,4,0,2,0,4,0,4,4,4,4,0,4,0.0,2.0,4,Stand-up comedy
0,0,0,0,0,2,0,4,0,0,0,0,0,0,0,0,0,0,0,0,0,0.0,0.0,4,Stone collecting
0,0,2,0,0,2,0,4,0,0,0,0,0,0,0,0,0,0,0,0,0,0.0,0.0,4,Stone skipping
4,0,4,4,0,4,0,0,4,4,0,4,0,4,0,4,4,4,4,0,4,0.0,4.0,0,Storm Chasing
0,4,2,0,0,2,0,4,0,2,0,0,0,2,0,4,2,4,4,0,2,0.0,2.0,4,Storytelling
0,4,0,0,0,2,0,4,0,0,0,0,0,0,0,2,0,0,0,0,0,0.0,0.0,4,String Figures
0,0,2,0,0,2,0,4,0,2,0,0,0,0,0,2,0,0,0,0,0,0.0,0.0,4,Sudoku
2,0,2,0,0,2,0,4,2,2,0,2,0,4,0,4,2,2,2,0,2,0.0,4.0,4,Surf Fishing
4,0,2,4,0,4,0,0,4,4,0,4,0,4,0,4,4,4,4,0,4,0.0,4.0,0,Surfing
2,0,2,2,0,4,0,4,4,2,0,2,0,4,0,4,4,2,2,0,4,0.0,2.0,4,Survival
2,0,0,0,0,4,0,0,0,2,0,0,0,2,0,4,2,2,2,0,4,0.0,2.0,0,Swimming
0,0,2,0,0,2,0,0,0,2,0,0,0,2,0,2,0,0,0,0,2,0.0,0.0,0,Table football
2,0,2,0,0,2,0,0,0,2,0,0,0,2,0,2,0,0,2,0,2,0.0,0.0,0,Table tennis
4,0,4,2,0,4,0,0,4,2,0,4,0,4,0,4,4,4,4,0,4,0.0,4.0,0,Taekwondo
0,4,0,0,0,2,0,0,0,2,0,0,0,2,0,4,0,0,0,0,2,0.0,0.0,0,Tai chi
0,4,2,0,0,2,0,4,0,2,0,0,0,2,0,4,2,2,4,0,2,0.0,0.0,4,Tatting
0,4,4,2,0,4,0,4,0,4,0,4,0,2,0,4,4,4,4,0,2,0.0,4.0,4,Taxidermy
0,0,0,0,0,2,0,4,0,2,0,0,0,0,0,0,0,0,0,0,0,0.0,0.0,4,Tea Tasting
4,0,2,2,0,4,2,0,4,2,0,2,0,4,0,4,4,2,4,0,2,0.0,4.0,0,Tennis
0,4,4,2,0,4,0,4,0,4,0,4,0,4,0,4,4,4,4,0,4,0.0,2.0,4,Tesla Coils
0,0,2,0,0,0,0,4,0,0,0,0,0,0,0,0,0,0,0,0,0,0.0,0.0,4,Tetris
0,4,2,0,0,2,0,4,0,2,0,0,0,2,0,4,2,2,4,0,2,0.0,0.0,4,Textiles
0,0,0,0,0,0,0,4,0,0,0,0,0,0,0,0,0,0,0,0,0,0.0,0.0,4,Texting
0,0,2,0,0,2,0,4,0,2,0,0,0,2,0,4,2,2,4,0,2,0.0,0.0,4,Tombstone Rubbing
0,0,2,0,0,2,0,4,0,2,0,0,0,0,0,2,0,0,0,0,2,0.0,0.0,4,Tool Collecting
2,0,2,0,0,2,0,0,2,2,0,4,0,4,0,2,2,2,4,0,2,0.0,2.0,0,Tour skating
0,0,2,0,0,2,0,4,0,2,0,0,0,0,0,2,0,0,0,0,2,0.0,0.0,4,Toy Collecting
0,0,2,0,0,2,0,4,0,2,0,0,0,0,0,2,0,0,0,0,2,0.0,0.0,4,Train Collecting
0,0,2,0,0,2,0,4,0,2,0,0,0,0,0,2,0,0,0,0,2,0.0,0.0,4,Train Spotting
0,0,2,0,0,2,0,4,0,2,0,0,0,0,0,2,0,0,0,0,2,0.0,0.0,4,Trainspotting
0,0,2,0,0,4,0,4,0,0,0,0,0,0,0,4,0,2,2,0,2,0.0,4.0,4,Traveling
2,0,2,0,0,4,0,4,4,2,0,2,0,2,0,4,2,2,4,0,4,0.0,2.0,4,Treasure Hunting
0,0,0,0,0,0,0,4,0,0,0,0,0,0,0,0,0,0,0,0,0,0.0,0.0,4,Trekkie
4,0,4,4,0,4,0,0,4,4,0,4,0,4,0,4,4,4,4,0,4,0.0,4.0,0,Triathlon
0,0,2,0,0,2,0,4,0,2,0,0,0,2,0,4,0,0,4,0,2,0.0,4.0,4,Tutoring Children
0,0,0,0,0,0,0,4,0,0,0,0,0,0,0,0,0,0,0,0,0,0.0,0.0,4,TV watching
4,0,2,2,0,4,0,0,4,2,0,2,0,2,0,4,4,2,4,0,2,0.0,2.0,0,Ultimate Frisbee
0,0,2,0,0,2,0,4,2,2,0,4,0,4,0,4,4,2,4,0,4,0.0,4.0,4,Urban exploration
0,0,4,2,0,4,0,4,0,4,0,4,0,4,0,4,4,4,4,0,4,0.0,2.0,4,Vehicle restoration
0,0,2,0,0,2,0,4,0,2,0,0,0,0,0,2,0,0,2,0,2,0.0,0.0,4,Video game collecting
0,0,2,0,0,2,0,4,4,2,0,4,0,4,0,4,2,2,4,0,2,0.0,4.0,4,Video Games
0,0,2,0,0,2,0,4,4,2,0,4,0,4,0,4,2,2,4,0,2,0.0,4.0,4,Video gaming
0,0,0,0,0,0,0,4,0,0,0,0,0,0,0,0,0,0,0,0,0,0.0,0.0,4,Videophilia
0,0,4,2,0,4,0,4,0,4,0,2,0,4,0,4,4,4,4,0,4,0.0,2.0,4,Vintage cars
0,4,4,2,0,2,0,4,0,4,0,0,0,2,0,4,2,4,4,0,2,0.0,4.0,4,Violin
4,0,2,2,0,4,2,0,4,2,0,4,0,4,0,4,4,4,4,0,4,0.0,4.0,0,Volleyball
0,0,0,0,0,0,0,4,0,0,0,0,0,0,0,0,0,0,0,0,0,0.0,0.0,4,Volunteer
0,0,0,0,0,2,0,0,0,0,0,0,0,2,0,2,0,0,0,0,0,0.0,2.0,0,Walking
0,4,2,0,0,2,0,4,0,4,0,2,0,4,0,4,4,4,4,0,4,0.0,2.0,4,Warhammer
0,0,0,0,0,0,0,4,0,0,0,0,0,0,0,0,0,0,0,0,0,0.0,0.0,4,Watching movies
0,0,0,0,0,0,0,4,0,0,0,0,0,0,0,0,0,0,0,0,0,0.0,0.0,4,Watching sporting events
2,0,2,0,0,4,0,0,4,2,0,2,0,2,0,4,2,2,4,0,2,0.0,2.0,0,Water sports
0,0,0,0,0,0,0,4,0,0,0,0,0,0,0,0,0,0,0,0,0,0.0,0.0,4,Weather Watcher
0,0,0,0,0,0,0,4,0,0,0,0,0,0,0,0,0,0,0,0,0,0.0,0.0,4,Web surfing
4,0,2,2,0,4,0,0,4,2,0,4,0,4,0,4,2,4,4,0,4,0.0,2.0,0,Weightlifting
4,0,4,2,0,4,0,0,4,4,0,4,0,4,0,4,4,4,4,0,4,0.0,4.0,0,Windsurfing
0,4,2,2,0,2,0,4,0,2,0,0,0,2,0,4,2,2,4,0,2,0.0,0.0,4,Wine Making
0,4,2,0,0,2,0,4,0,2,0,0,0,2,0,4,2,2,4,0,2,0.0,0.0,4,Wood carving
0,4,2,0,0,2,0,4,0,2,0,0,0,2,0,4,2,2,4,0,2,0.0,0.0,4,Woodworking
0,0,0,0,0,0,0,4,0,0,0,0,0,0,0,4,0,0,0,0,0,0.0,0.0,4,Working In A Food Pantry
0,0,4,2,0,4,0,4,0,4,0,2,0,4,0,4,4,4,4,0,4,0.0,2.0,4,Working on cars
4,0,4,4,0,4,0,4,4,4,0,4,0,4,0,4,4,4,4,0,4,0.0,4.0,4,World Record Breaking
0,4,2,0,0,2,0,4,0,2,0,0,0,2,0,4,2,2,4,0,2,0.0,0.0,4,Worldbuilding
4,0,2,2,0,4,0,0,4,2,0,4,0,4,0,4,4,4,4,0,4,0.0,4.0,0,Wrestling
0,4,2,0,0,2,0,4,0,2,0,0,0,4,0,4,2,4,4,0,2,0.0,2.0,4,Writing
0,4,4,2,0,2,0,4,0,4,0,2,0,4,0,4,4,4,4,0,2,0.0,4.0,4,Writing Music
0,4,4,2,0,2,0,4,0,4,0,2,0,4,0,4,4,4,4,0,2,0.0,4.0,4,Writing Songs
2,0,2,0,0,2,0,4,0,2,0,0,0,4,0,4,2,2,2,0,2,0.0,4.0,4,Yo-yoing
0,4,2,0,0,2,0,0,0,2,0,0,0,2,0,4,2,2,4,0,2,0.0,4.0,0,Yoga
2,0,2,0,0,2,0,4,0,2,0,0,0,4,0,4,2,2,2,0,2,0.0,4.0,4,YoYo
4,0,4,2,0,4,0,0,4,4,0,4,0,4,0,4,4,4,4,0,4,0.0,4.0,0,Ziplining
4,0,2,0,0,4,2,0,4,2,0,4,0,4,0,4,4,4,4,0,2,0.0,4.0,0,Zumba
